{
  "0x7bea39867e4169dbe237d55c8242a8f2fcdcc387": {
    "fees": [
      [
        1774915200,
        0.39907960971341183
      ],
      [
        1775001600,
        0.5255184714215629
      ],
      [
        1775088000,
        0.8330411746615577
      ],
      [
        1775174400,
        0.836777722423092
      ],
      [
        1775260800,
        0.8493388211229027
      ],
      [
        1775347200,
        1.0313459872727824
      ],
      [
        1775433600,
        1.2588081796978061
      ],
      [
        1775520000,
        1.6979917280699728
      ],
      [
        1775606400,
        1.8197512938735856
      ],
      [
        1775692800,
        1.9882311250320857
      ],
      [
        1775779200,
        2.081266064950328
      ],
      [
        1775865600,
        2.22522692864307
      ],
      [
        1775952000,
        2.4357652776371927
      ],
      [
        1776038400,
        2.7625979221485832
      ],
      [
        1776124800,
        2.941307388579806
      ],
      [
        1776211200,
        3.004326638850505
      ],
      [
        1776297600,
        3.1620382203949204
      ],
      [
        1776384000,
        3.376288644083469
      ],
      [
        1776470400,
        3.5414913950187197
      ],
      [
        1776556800,
        3.7162650091877065
      ],
      [
        1776643200,
        3.8231988292743107
      ],
      [
        1776729600,
        3.841990913641464
      ],
      [
        1776816000,
        4.00680976407045
      ],
      [
        1776902400,
        4.181392337420713
      ],
      [
        1777075200,
        4.181709718393353
      ],
      [
        1777161600,
        4.264101328685459
      ],
      [
        1777248000,
        4.481598900900652
      ],
      [
        1777334400,
        4.501528249291029
      ]
    ],
    "tvl": [
      [
        1774915200,
        765975.5003932826
      ],
      [
        1775001600,
        777088.9491116042
      ],
      [
        1775088000,
        759967.6184572863
      ],
      [
        1775174400,
        759962.9849476366
      ],
      [
        1775260800,
        761038.4083243437
      ],
      [
        1775347200,
        767620.3113734485
      ],
      [
        1775433600,
        765627.325127401
      ],
      [
        1775520000,
        794420.7280725716
      ],
      [
        1775606400,
        782838.7867992384
      ],
      [
        1775692800,
        783719.8468398465
      ],
      [
        1775779200,
        793715.7310428193
      ],
      [
        1775865600,
        806830.5230274901
      ],
      [
        1775952000,
        782138.6498776106
      ],
      [
        1776038400,
        817804.0832291002
      ],
      [
        1776124800,
        805220.8761349668
      ],
      [
        1776211200,
        816806.1915424136
      ],
      [
        1776297600,
        813317.104467757
      ],
      [
        1776384000,
        830946.1974709578
      ],
      [
        1776470400,
        811585.1495639026
      ],
      [
        1776556800,
        796175.7596876144
      ],
      [
        1776643200,
        809700.7577444231
      ],
      [
        1776729600,
        802485.9357861612
      ],
      [
        1776816000,
        824137.5385208376
      ],
      [
        1776902400,
        808950.8618182922
      ],
      [
        1777075200,
        804821.4516610052
      ],
      [
        1777161600,
        815575.5552570944
      ],
      [
        1777248000,
        798402.9036986212
      ],
      [
        1777334400,
        798356.2351652626
      ]
    ],
    "pool_id": "0x7bea39867e4169dbe237d55c8242a8f2fcdcc387",
    "fee_pct": 1.0,
    "raw_fee_tier": 10000,
    "pool_tvl_now_usd": 798356.2351652626,
    "pool_tvl_subgraph_usd": 9973381.892598815,
    "tvl_multiplier": 1.0,
    "tvl_price_source": "coingecko+defillama",
    "pair": "USDC/WETH",
    "chain": "ethereum",
    "version": "v3",
    "data_quality": "estimated",
    "data_quality_reason": "scaled_by_raw_tvl",
    "strict_debug": {},
    "strict_compare_estimated_tvl": [],
    "strict_compare_estimated_fees": [],
    "strict_compare_estimated_active_tvl": [],
    "strict_compare_estimated_active_fees": [],
    "strict_estimated_shape_missing": false
  },
  "0x8ad599c3a0ff1de082011efddc58f1908eb6e6d8": {
    "fees": [
      [
        1774915200,
        0.7513678768896864
      ],
      [
        1775001600,
        1.4568527098857604
      ],
      [
        1775088000,
        1.9065399453291771
      ],
      [
        1775174400,
        2.003044501321454
      ],
      [
        1775260800,
        2.04733690881005
      ],
      [
        1775347200,
        2.2898378934828765
      ],
      [
        1775433600,
        2.788885469021375
      ],
      [
        1775520000,
        3.633888867739443
      ],
      [
        1775606400,
        4.14672102694443
      ],
      [
        1775692800,
        4.680999180816687
      ],
      [
        1775779200,
        5.096368568981066
      ],
      [
        1775865600,
        5.422569703617429
      ],
      [
        1775952000,
        5.831326954974767
      ],
      [
        1776038400,
        6.563236171779838
      ],
      [
        1776124800,
        7.18644530618937
      ],
      [
        1776211200,
        7.603513224479139
      ],
      [
        1776297600,
        8.057019529426698
      ],
      [
        1776384000,
        8.679262927649095
      ],
      [
        1776470400,
        8.912678507204388
      ],
      [
        1776556800,
        9.354054344758035
      ],
      [
        1776643200,
        9.976837684814916
      ],
      [
        1776729600,
        10.49561897292203
      ],
      [
        1776816000,
        10.909977940586515
      ],
      [
        1776902400,
        11.420362029665837
      ],
      [
        1776988800,
        11.646809632994511
      ],
      [
        1777075200,
        11.68180213848178
      ],
      [
        1777161600,
        11.885018148467507
      ],
      [
        1777248000,
        12.383725246618908
      ],
      [
        1777334400,
        12.599154072501586
      ]
    ],